{"val_acc": 0.6640625, "loss": 0.6898759007453918, "_timestamp": 1682305883.3135185, "_runtime": 623.4276294708252, "_step": 69}